symboling,normalized-losses,make,fuel-type,aspiration,num-of-doors,body-style,drive-wheels,engine-location,wheel-base,length,width,height,curb-weight,engine-type,num-of-cylinders,engine-size,fuel-system,bore,stroke,compression-ratio,horsepower,peak-rpm,city-mpg,highway-mpg,price
1.7434704321932961,0.885253249364007,alfa-romero,gas,std,two,convertible,rwd,front,-1.6907718018201774,-0.42652146835701304,-0.8447823517277104,-2.0204173044647122,-0.014566282137926123,dohc,four,0.0744489251157203,mpfi,0.49271837072834807,-1.8446564003280792,-0.2883489098618655,0.17930630346235954,-0.2703570608095629,-0.6465530277621856,-0.5460587369032711,0.03594751078843455
1.7434704321932961,0.885253249364007,alfa-romero,gas,std,two,convertible,rwd,front,-1.6907718018201774,-0.42652146835701304,-0.8447823517277104,-2.0204173044647122,-0.014566282137926123,dohc,four,0.0744489251157203,mpfi,0.49271837072834807,-1.8446564003280792,-0.2883489098618655,0.17930630346235954,-0.2703570608095629,-0.6465530277621856,-0.5460587369032711,0.4187668126147563
0.13350899705984703,0.885253249364007,alfa-romero,gas,std,two,hatchback,rwd,front,-0.7085958764076113,-0.23151304680543727,-0.19056612143668694,-0.5435274761218468,0.5148819161377617,ohcv,six,0.6040461684467903,mpfi,-2.399479532115273,0.6755233198771902,-0.2883489098618655,1.2656190629267583,-0.2703570608095629,-0.9530116883199847,-0.6916270607851575,0.4187668126147563
0.9384897146265716,0.9703737541105462,audi,gas,std,four,sedan,fwd,front,0.17369775150537034,0.2072559016856128,0.1365419937088248,0.23594215550355344,-0.4207974451785447,ohc,four,-0.43107571624575564,mpfi,-0.5323644302795185,0.4522162560615325,-0.035972825318776304,-0.04806148340228205,0.7773404338210685,-0.18686503692548712,-0.10935376525761202,0.09391183103168793
0.9384897146265716,0.9703737541105462,audi,gas,std,four,sedan,4wd,front,0.1071095531723165,0.2072559016856128,0.23000145517897197,0.23594215550355344,0.5168071823133096,ohc,five,0.21888453693328483,mpfi,-0.5323644302795185,0.4522162560615325,-0.5407249944049548,0.28035865317997805,0.7773404338210685,-1.1062410185988842,-1.273900356312703,0.5397912175182523
0.9384897146265716,0.885253249364007,audi,gas,std,two,sedan,fwd,front,0.17369775150537034,0.26413335797149096,0.18327172444389506,-0.2563544539440664,-0.0935021953353923,ohc,five,0.21888453693328483,mpfi,-0.5323644302795185,0.4522162560615325,-0.41453695213341013,0.15404321603295493,0.7773404338210685,-0.9530116883199847,-0.8371953846670438,0.2595241745838404
0.13350899705984703,0.8001327446174678,audi,gas,std,four,sedan,fwd,front,1.1725207265011992,1.5154373962607788,2.566487991932618,0.8102881998591143,0.5553125058242687,ohc,five,0.21888453693328483,mpfi,-0.5323644302795185,0.4522162560615325,-0.41453695213341013,0.15404321603295493,0.7773404338210685,-0.9530116883199847,-0.8371953846670438,0.5729136862286829
0.13350899705984703,0.885253249364007,audi,gas,std,four,wagon,fwd,front,1.1725207265011992,1.5154373962607788,2.566487991932618,0.8102881998591143,0.7670917851345438,ohc,five,0.21888453693328483,mpfi,-0.5323644302795185,0.4522162560615325,-0.41453695213341013,0.15404321603295493,0.7773404338210685,-0.9530116883199847,-0.8371953846670438,0.7270605598426094
0.13350899705984703,0.8001327446174678,audi,gas,turbo,four,sedan,fwd,front,1.1725207265011992,1.5154373962607788,2.566487991932618,0.8923376347670494,1.021226920306874,ohc,five,0.09852152708531438,mpfi,-0.7520250304954899,0.4522162560615325,-0.4650121690420278,0.9119358389150936,0.7773404338210685,-1.2594703488777836,-1.5650370040764756,1.35829837699716
-0.6714717205068775,0.885253249364007,audi,gas,turbo,two,hatchback,4wd,front,0.12375660275557937,0.3372615160533307,0.9309474162050657,-0.7076263459377201,0.9576931365137914,ohc,five,0.09852152708531438,mpfi,-0.7520250304954899,0.4522162560615325,-0.7931010789480439,1.417197587503186,0.7773404338210685,-1.4126996791566833,-1.273900356312703,0.03645708723013348
0.9384897146265716,1.7648317984115782,bmw,gas,std,two,sedan,rwd,front,0.40675644567106467,0.22350660348157897,-0.5176742365821987,0.23594215550355344,-0.3091320069967633,ohc,four,-0.45514831821534973,mpfi,0.6025486708363329,-1.4618442909298115,-0.3388241267704832,-0.07332457083168667,1.4059589305994473,-0.3400943672043866,-0.2549220891394984,0.409849224885025
-0.6714717205068775,1.7648317984115782,bmw,gas,std,four,sedan,rwd,front,0.40675644567106467,0.22350660348157897,-0.5176742365821987,0.23594215550355344,-0.3091320069967633,ohc,four,-0.45514831821534973,mpfi,0.6025486708363329,-1.4618442909298115,-0.3388241267704832,-0.07332457083168667,1.4059589305994473,-0.3400943672043866,-0.2549220891394984,0.47290930954526766
-0.6714717205068775,1.6513377920828594,bmw,gas,std,two,sedan,rwd,front,0.40675644567106467,0.22350660348157897,-0.5176742365821987,0.23594215550355344,0.29732683830084267,ohc,six,0.8929173920819194,mpfi,-0.0930432298475757,-0.2177049353854377,-0.2883489098618655,0.4319371777564058,-1.84190330275551,-0.6465530277621856,-0.4004904130213847,0.9882184862133114
-0.6714717205068775,1.6513377920828594,bmw,gas,std,four,sedan,rwd,front,0.40675644567106467,0.22350660348157897,-0.5176742365821987,0.23594215550355344,0.4032164779559802,ohc,six,0.8929173920819194,mpfi,-0.0930432298475757,-0.2177049353854377,-0.2883489098618655,0.4319371777564058,-1.84190330275551,-0.6465530277621856,-0.4004904130213847,1.0054166911206504
0.13350899705984703,0.885253249364007,bmw,gas,std,four,sedan,rwd,front,0.7896385860861319,1.214799413035431,0.46365010885433655,0.8102881998591143,0.9615436688648873,ohc,six,0.8929173920819194,mpfi,-0.0930432298475757,-0.2177049353854377,-0.2883489098618655,0.4319371777564058,-1.84190330275551,-0.7997823580410852,-0.8371953846670438,1.4462003131902255
-0.6714717205068775,0.885253249364007,bmw,gas,std,four,sedan,rwd,front,0.7896385860861319,1.214799413035431,0.46365010885433655,0.8102881998591143,1.2984652495857796,ohc,six,1.9761844807136535,mpfi,1.0418698712682757,0.42031524694501077,-0.5407249944049548,1.9729855109500876,0.5678009348949422,-1.4126996791566833,-1.273900356312703,2.2354068272714445
-0.6714717205068775,0.885253249364007,bmw,gas,std,two,sedan,rwd,front,0.7896385860861319,1.604816256138587,0.9309474162050657,-0.010206149220255032,1.587255175917973,ohc,six,1.9761844807136535,mpfi,1.0418698712682757,0.42031524694501077,-0.5407249944049548,1.9729855109500876,0.5678009348949422,-1.4126996791566833,-1.273900356312703,3.580051662804498
-0.6714717205068775,0.885253249364007,bmw,gas,std,four,sedan,rwd,front,1.87169680899828,1.864827484874023,2.332839338257253,1.0564365045829227,1.8279134478614674,ohc,six,1.9761844807136535,mpfi,1.0418698712682757,0.42031524694501077,-0.5407249944049548,1.9729855109500876,0.5678009348949422,-1.5659290094355827,-1.5650370040764756,3.0150587830708084
0.9384897146265716,-0.24968681392318187,chevrolet,gas,std,two,hatchback,fwd,front,-1.724065900986703,-2.677243667098139,-2.62051211966048,-0.21532973649009735,-2.055348428218759,l,three,-1.586560610786272,2bbl,-1.5574472312873835,-0.7281210812497965,-0.16216086759032092,-1.4122682045901316,-0.06081756188343661,3.3374095594892017,3.238717684025774,-1.0270289465955351
0.13350899705984703,-0.9022773503133155,chevrolet,gas,std,two,hatchback,fwd,front,-0.7085958764076113,-1.4746917341967432,-1.0784310054030717,-0.7076263459377201,-1.3121956844572482,ohc,four,-0.8884551536680434,2bbl,-1.1181260308554422,-0.47291300831761707,-0.13692325913601208,-0.8564802811432299,0.5678009348949422,1.958345586979106,1.7830344452069105,-0.8812900842696408
-0.6714717205068775,-1.3846268772103707,chevrolet,gas,std,four,sedan,fwd,front,-0.7085958764076113,-1.239056558155253,-1.0784310054030717,-0.7076263459377201,-1.2448113683130697,ohc,four,-0.8884551536680434,2bbl,-1.1181260308554422,-0.47291300831761707,-0.13692325913601208,-0.8564802811432299,0.5678009348949422,1.958345586979106,1.7830344452069105,-0.8456197333507157
0.13350899705984703,-0.334807318669721,dodge,gas,std,two,hatchback,fwd,front,-0.8417722730737214,-1.360936821624989,-0.9849715439329279,-1.1999229553853428,-1.3083451521061522,ohc,four,-0.8884551536680434,2bbl,-1.337786631071412,-0.09010089891934799,-0.1848747151991989,-0.9070064560020392,0.7773404338210685,1.8051162567002066,1.4918977974431378,-0.9733960261067226
0.13350899705984703,-0.334807318669721,dodge,gas,std,two,hatchback,fwd,front,-0.8417722730737214,-1.360936821624989,-0.9849715439329279,-1.1999229553853428,-1.3083451521061522,ohc,four,-0.8884551536680434,2bbl,-1.337786631071412,-0.09010089891934799,-0.18739847604462975,-0.9070064560020392,0.7773404338210685,0.8857402750268095,1.0551928257974788,-0.8708437672148127
0.13350899705984703,-0.334807318669721,dodge,gas,turbo,two,hatchback,fwd,front,-0.8417722730737214,-1.360936821624989,-0.9849715439329279,-1.1999229553853428,-0.8231780758680675,ohc,four,-0.6958743379112906,mpfi,-1.1181260308554422,0.42031524694501077,-0.6416754282221906,-0.04806148340228205,0.7773404338210685,-0.18686503692548712,-0.10935376525761202,-0.6695610727437351
0.13350899705984703,0.5163977287956706,dodge,gas,std,four,hatchback,fwd,front,-0.8417722730737214,-1.360936821624989,-0.9849715439329279,-1.281972390293278,-1.1331459301312883,ohc,four,-0.8884551536680434,2bbl,-1.337786631071412,-0.09010089891934799,-0.18739847604462975,-0.9070064560020392,0.7773404338210685,0.8857402750268095,1.0551928257974788,-0.8896980955576732
0.13350899705984703,0.5163977287956706,dodge,gas,std,four,sedan,fwd,front,-0.8417722730737214,-1.360936821624989,-0.9849715439329279,-1.281972390293278,-1.0907900742692331,ohc,four,-0.8884551536680434,2bbl,-1.337786631071412,-0.09010089891934799,-0.18739847604462975,-0.9070064560020392,0.7773404338210685,0.8857402750268095,1.0551928257974788,-0.8307146224310219
0.13350899705984703,0.5163977287956706,dodge,gas,std,four,sedan,fwd,front,-0.8417722730737214,-1.360936821624989,-0.9849715439329279,-1.281972390293278,-1.0907900742692331,ohc,four,-0.8884551536680434,2bbl,-1.337786631071412,-0.09010089891934799,-0.18739847604462975,-0.9070064560020392,0.7773404338210685,0.8857402750268095,1.0551928257974788,-0.713894223171542
0.13350899705984703,0.5163977287956706,dodge,gas,turbo,four,sedan,fwd,front,-0.8417722730737214,-1.360936821624989,-0.9849715439329279,-1.281972390293278,-0.7018863068085462,ohc,four,-0.6958743379112906,mpfi,-1.1181260308554422,0.42031524694501077,-0.6416754282221906,-0.04806148340228205,0.7773404338210685,-0.18686503692548712,-0.10935376525761202,-0.5929972123784707
-1.476452438073602,-0.5617953313271588,dodge,gas,std,four,wagon,fwd,front,0.7563444869196039,0.04474888372596479,-0.6111336980523459,2.492301615471819,-0.039594742420049546,ohc,four,-0.11813189064103245,2bbl,0.016787070260409195,0.643622310760667,-0.41453695213341013,-0.40174470741394674,-0.2703570608095629,-0.18686503692548712,-0.10935376525761202,-0.5467531502942928
1.7434704321932961,0.43127722404913144,dodge,gas,turbo,two,hatchback,fwd,front,-0.475537182241917,-0.06900602884578928,0.18327172444389506,-1.4460712601091512,0.49177872203118617,ohc,four,0.7003365763251667,mfi,0.9686496711962853,2.0472667118876524,-0.7931010789480439,1.0382512760621168,-0.2703570608095629,-0.9530116883199847,-0.9827637085489301,-0.03169876184709851
0.9384897146265716,0.20428921139169368,honda,gas,std,two,hatchback,fwd,front,-2.0237127934854535,-2.3928563856687552,-0.9382418131978543,-1.1999229553853428,-1.622163538720469,ohc,four,-0.8403099497288552,1bbl,-1.5574472312873835,0.48411726517805564,-0.13692325913601208,-1.1596373302960854,-0.6894360586618155,3.643868220047001,3.3842860079076607,-0.85784956795149
0.9384897146265716,0.20428921139169368,honda,gas,std,two,hatchback,fwd,front,-2.0237127934854535,-2.3928563856687552,-0.9382418131978543,-1.1999229553853428,-1.4180853241123856,ohc,four,-0.8403099497288552,1bbl,-1.5574472312873835,0.48411726517805564,-0.23787369295324787,-0.7049017565668022,1.8250379284517,0.8857402750268095,1.0551928257974788,-0.8099493824317905
0.13350899705984703,-0.8171568455667763,honda,gas,std,two,hatchback,fwd,front,-0.8417722730737214,-1.9540874371777053,-0.8915120824627807,-0.46147804121390873,-1.3834305329525225,ohc,four,-1.1532537753335783,1bbl,-1.5574472312873835,-0.6005170447837068,-0.010735216864467472,-1.1091111554372761,0.7773404338210685,1.958345586979106,1.6374661213250241,-0.9954352072102013
0.13350899705984703,-0.8171568455667763,honda,gas,std,two,hatchback,fwd,front,-0.8417722730737214,-1.9540874371777053,-0.8915120824627807,-0.46147804121390873,-1.185128116871083,ohc,four,-0.8403099497288552,1bbl,-1.5574472312873835,0.48411726517805564,-0.23787369295324787,-0.7049017565668022,1.8250379284517,0.73251094474791,0.4729195302699334,-0.8514798624302534
0.13350899705984703,-0.8171568455667763,honda,gas,std,two,hatchback,fwd,front,-0.8417722730737214,-1.9540874371777053,-0.8915120824627807,-0.46147804121390873,-1.1543238580623159,ohc,four,-0.8403099497288552,1bbl,-1.5574472312873835,0.48411726517805564,-0.23787369295324787,-0.7049017565668022,1.8250379284517,0.73251094474791,0.4729195302699334,-0.7750433961754137
-0.6714717205068775,-0.5617953313271588,honda,gas,std,four,sedan,fwd,front,-0.37565488474233505,-0.8652904168480631,-0.8915120824627807,0.3179915904114915,-1.0503594845827262,ohc,four,-0.8403099497288552,1bbl,-1.5574472312873835,0.48411726517805564,-0.23787369295324787,-0.7049017565668022,1.8250379284517,0.73251094474791,0.4729195302699334,-0.7538959738449081
-0.6714717205068775,-1.4697473819569098,honda,gas,std,four,wagon,fwd,front,-0.37565488474233505,-1.3771875234209552,-0.9382418131978543,1.876930853662292,-1.0234057581250549,ohc,four,-0.8403099497288552,1bbl,-1.520837131251389,0.48411726517805564,-0.23787369295324787,-0.7049017565668022,1.8250379284517,0.73251094474791,0.4729195302699334,-0.7538959738449081
-0.6714717205068775,-0.6752893376558776,honda,gas,std,two,hatchback,fwd,front,-0.37565488474233505,-0.5321510300307851,-0.33075531364190436,-0.17430501903613121,-0.6152493289088883,ohc,four,-0.40700311427616154,1bbl,-0.6788048304234994,1.0264344201589362,-0.2883489098618655,-0.45227088227275597,1.4059589305994473,0.2728229539112114,0.32735120638804704,-0.6774595075900686
-0.6714717205068775,-0.6752893376558776,honda,gas,std,two,hatchback,fwd,front,-0.37565488474233505,-0.5321510300307851,-0.33075531364190436,-0.17430501903613121,-0.5132102216048466,ohc,four,-0.40700311427616154,1bbl,-0.6788048304234994,1.0264344201589362,-0.2883489098618655,-0.45227088227275597,1.4059589305994473,0.2728229539112114,0.32735120638804704,-0.5245865750803893
-0.6714717205068775,-1.2711328708816518,honda,gas,std,four,sedan,fwd,front,-0.37565488474233505,0.10975169090982491,-0.33075531364190436,0.15389272059561823,-0.4843312289716273,ohc,four,-0.40700311427616154,1bbl,-0.6788048304234994,1.0264344201589362,-0.2883489098618655,-0.45227088227275597,1.4059589305994473,0.2728229539112114,0.32735120638804704,-0.5564351026865725
-0.6714717205068775,-1.2711328708816518,honda,gas,std,four,sedan,fwd,front,-0.37565488474233505,0.10975169090982491,-1.5924580434888744,0.15389272059561823,-0.3534131290343663,ohc,four,-0.40700311427616154,1bbl,-0.6788048304234994,1.0264344201589362,-0.2883489098618655,-0.45227088227275597,1.4059589305994473,0.2728229539112114,0.32735120638804704,-0.37171364257071005
-0.6714717205068775,-1.2711328708816518,honda,gas,std,four,sedan,fwd,front,-0.37565488474233505,0.10975169090982491,-0.33075531364190436,0.15389272059561823,-0.17436337470840643,ohc,four,-0.40700311427616154,mpfi,-0.6788048304234994,1.0264344201589362,-0.2883489098618655,-0.07332457083168667,1.4059589305994473,-0.18686503692548712,-0.4004904130213847,-0.03411924994516843
0.13350899705984703,-0.646915836073698,honda,gas,std,two,sedan,fwd,front,-0.37565488474233505,-0.4021454156630672,0.04308253223867764,-1.1178735204774048,-0.5055091569026547,ohc,four,-0.40700311427616154,2bbl,-0.6788048304234994,1.0264344201589362,-0.2631113014075567,-0.0985876582610913,0.7773404338210685,-0.03363570664658759,0.03621455862427433,-0.36534393704947343
-0.6714717205068775,0.885253249364007,isuzu,gas,std,four,sedan,rwd,front,-0.7418899755741394,-0.27213980129534926,-1.9195661586343862,-0.09225558412819312,-0.4207974451785447,ohc,four,-0.38293051230656744,2bbl,-0.0930432298475757,-0.09010089891934799,-0.41453695213341013,-0.6543755817079929,-0.6894360586618155,-0.18686503692548712,-0.2549220891394984,-0.8188669701615218
0.13350899705984703,0.885253249364007,isuzu,gas,std,two,sedan,fwd,front,-0.7085958764076113,-1.4746917341967432,-1.0784310054030717,-0.7076263459377201,-1.3121956844572482,ohc,four,-0.8884551536680434,2bbl,-1.1181260308554422,-0.47291300831761707,-0.13692325913601208,-0.8564802811432299,0.5678009348949422,1.958345586979106,1.7830344452069105,0.03645708723013348
-0.6714717205068775,0.885253249364007,isuzu,gas,std,four,sedan,fwd,front,-0.7085958764076113,-1.4746917341967432,-1.0784310054030717,-0.7076263459377201,-1.2448113683130697,ohc,four,-0.8884551536680434,2bbl,-1.1181260308554422,-0.47291300831761707,-0.13692325913601208,-0.8564802811432299,0.5678009348949422,1.958345586979106,1.7830344452069105,0.03645708723013348
0.9384897146265716,0.885253249364007,isuzu,gas,std,two,hatchback,rwd,front,-0.45889013265865414,-0.11775813423368321,-0.33075531364190436,-0.9537746506615314,0.3435332265139936,ohc,four,-0.19034969654981473,spfi,0.3462779705843671,-0.09010089891934799,-0.23787369295324787,-0.3512185325551375,-0.2703570608095629,-0.18686503692548712,-0.2549220891394984,-0.27578587742088634
-0.6714717205068775,0.43127722404913144,jaguar,gas,std,four,sedan,rwd,front,2.3711082964961943,2.0760866082215648,1.7253528387013,-0.3794286063059735,2.9079877723438705,dohc,six,3.155741977223764,mpfi,1.07847997130427,2.908593958033757,-0.5154873859506459,1.82140698637366,-0.7942058081248786,-1.5659290094355827,-1.710605327958362,2.425224051804296
-0.6714717205068775,0.885253249364007,jaguar,gas,std,four,sedan,rwd,front,2.3711082964961943,2.0760866082215648,1.7253528387013,-0.3794286063059735,2.9079877723438705,dohc,six,3.155741977223764,mpfi,1.07847997130427,2.908593958033757,-0.5154873859506459,1.82140698637366,-0.7942058081248786,-1.5659290094355827,-1.710605327958362,2.8456246162059142
-0.6714717205068775,0.885253249364007,jaguar,gas,std,two,sedan,rwd,front,0.5399328423371748,1.4341838872809547,2.192650146052029,-2.4306644790043967,2.6846568959803077,ohcv,twelve,4.7926789111561625,mpfi,0.7489890709803139,-1.5894483273959013,0.34259130149585754,3.9940325053024575,-0.2703570608095629,-1.8723876699933817,-2.0017419757221346,2.902951965897044
0.13350899705984703,-0.7320363408202372,mazda,gas,std,two,hatchback,fwd,front,-0.9416545705733057,-1.2146805054613072,-0.7980526209926335,0.15389272059561823,-1.2813914256484809,ohc,four,-0.8643825516984494,2bbl,-1.1181260308554422,-0.34530897185152737,-0.2883489098618655,-0.9070064560020392,-0.2703570608095629,0.73251094474791,0.03621455862427433,-1.0214236057368469
0.13350899705984703,-0.7320363408202372,mazda,gas,std,two,hatchback,fwd,front,-0.9416545705733057,-1.2146805054613072,-0.7980526209926335,0.15389272059561823,-1.2621387638930013,ohc,four,-0.8643825516984494,2bbl,-1.1181260308554422,-0.34530897185152737,-0.2883489098618655,-0.9070064560020392,-0.2703570608095629,0.8857402750268095,1.0551928257974788,-0.9067689063545874
0.13350899705984703,-0.7320363408202372,mazda,gas,std,two,hatchback,fwd,front,-0.9416545705733057,-1.2146805054613072,-0.7980526209926335,0.15389272059561823,-1.2525124330152615,ohc,four,-0.8643825516984494,2bbl,-1.1181260308554422,-0.34530897185152737,-0.2883489098618655,-0.9070064560020392,-0.2703570608095629,0.8857402750268095,1.0551928257974788,-0.8175930290572745
0.13350899705984703,-0.4766748265806196,mazda,gas,std,four,sedan,fwd,front,-0.9416545705733057,-0.589028486316661,-0.7980526209926335,0.15389272059561823,-1.1755017859933432,ohc,four,-0.8643825516984494,2bbl,-1.1181260308554422,-0.34530897185152737,-0.2883489098618655,-0.9070064560020392,-0.2703570608095629,0.8857402750268095,1.0551928257974788,-0.8303324400997477
0.13350899705984703,-0.4766748265806196,mazda,gas,std,four,sedan,fwd,front,-0.9416545705733057,-0.589028486316661,-0.7980526209926335,0.15389272059561823,-1.1658754551156034,ohc,four,-0.8643825516984494,2bbl,-0.9350755306754652,-0.34530897185152737,-0.2883489098618655,-0.9070064560020392,-0.2703570608095629,0.8857402750268095,1.0551928257974788,-0.7411565628024349
1.7434704321932961,0.57314473196003,mazda,gas,std,two,hatchback,rwd,front,-0.5754194797415013,-0.41027076656104916,-0.09710665996653978,-1.6922195648329628,-0.33801099962998266,rotor,two,-1.3699071930599251,4bbl,1.0418698712682757,0.4522162560615325,-0.18739847604462975,-0.07332457083168667,1.8250379284517,-1.2594703488777836,-1.1283320324308166,-0.2889074707946338
1.7434704321932961,0.57314473196003,mazda,gas,std,two,hatchback,rwd,front,-0.5754194797415013,-0.41027076656104916,-0.09710665996653978,-1.6922195648329628,-0.33801099962998266,rotor,two,-1.3699071930599251,4bbl,1.0418698712682757,0.4522162560615325,-0.18739847604462975,-0.07332457083168667,1.8250379284517,-1.2594703488777836,-1.1283320324308166,-0.17425277141237439
1.7434704321932961,0.57314473196003,mazda,gas,std,two,hatchback,rwd,front,-0.5754194797415013,-0.41027076656104916,-0.09710665996653978,-1.6922195648329628,-0.32838466875224287,rotor,two,-1.3699071930599251,4bbl,1.0418698712682757,0.4522162560615325,-0.18739847604462975,-0.07332457083168667,1.8250379284517,-1.2594703488777836,-1.1283320324308166,0.055056627352144456
1.7434704321932961,0.57314473196003,mazda,gas,std,two,hatchback,rwd,front,-0.5754194797415013,-0.41027076656104916,-0.09710665996653978,-1.6922195648329628,-0.10697905856422799,rotor,two,-1.1291811733639843,mpfi,1.0418698712682757,0.4522162560615325,-0.18739847604462975,0.7856204017680705,1.8250379284517,-1.4126996791566833,-1.1283320324308166,0.30984484820160985
0.13350899705984703,-0.022698801265744098,mazda,gas,std,two,hatchback,fwd,front,0.007227255672732204,0.304760112461403,0.2767311859140422,-0.010206149220255032,-0.32838466875224287,ohc,four,-0.11813189064103245,2bbl,0.19983757044038616,0.42031524694501077,-0.3892993436791013,-0.5027970571315652,-0.6894360586618155,0.11959362363231192,0.18178288250616068,-0.5564351026865725
-0.6714717205068775,-0.41992782341626017,mazda,gas,std,four,sedan,fwd,front,0.007227255672732204,0.304760112461403,0.2767311859140422,0.7282387649511761,-0.280253014363544,ohc,four,-0.11813189064103245,2bbl,0.19983757044038616,0.42031524694501077,-0.3892993436791013,-0.5027970571315652,-0.6894360586618155,0.11959362363231192,0.18178288250616068,-0.6010230413352289
0.13350899705984703,-0.022698801265744098,mazda,gas,std,two,hatchback,fwd,front,0.007227255672732204,0.304760112461403,0.2767311859140422,-0.010206149220255032,-0.32838466875224287,ohc,four,-0.11813189064103245,2bbl,0.19983757044038616,0.42031524694501077,-0.3892993436791013,-0.5027970571315652,-0.6894360586618155,0.11959362363231192,0.18178288250616068,-0.33349540944329026
-0.6714717205068775,-0.41992782341626017,mazda,gas,std,four,sedan,fwd,front,0.007227255672732204,0.304760112461403,0.2767311859140422,0.7282387649511761,-0.280253014363544,ohc,four,-0.11813189064103245,2bbl,0.19983757044038616,0.42031524694501077,-0.3892993436791013,-0.5027970571315652,-0.6894360586618155,0.11959362363231192,0.18178288250616068,-0.3780833480919467
-0.6714717205068775,0.885253249364007,mazda,diesel,std,four,sedan,fwd,front,0.007227255672732204,0.304760112461403,0.2767311859140422,0.7282387649511761,-0.21671923057046144,ohc,four,-0.11813189064103245,idi,0.19983757044038616,0.42031524694501077,3.1692034483784566,-1.0080588057196576,-1.003745307051005,1.651886926421307,1.6374661213250241,-0.3080165873583437
-0.6714717205068775,-0.41992782341626017,mazda,gas,std,four,hatchback,fwd,front,0.007227255672732204,0.304760112461403,0.2767311859140422,0.7282387649511761,-0.25137402173032464,ohc,four,-0.11813189064103245,2bbl,0.19983757044038616,0.42031524694501077,-0.3892993436791013,-0.5027970571315652,-0.6894360586618155,0.11959362363231192,0.18178288250616068,-0.250689237667214
-0.6714717205068775,-0.334807318669721,mazda,gas,std,four,sedan,rwd,front,1.0226972802518264,0.07725028731789485,0.0898122629737479,0.2769668729575225,0.22031619127892443,ohc,four,0.3151749448116612,mpfi,1.5544112717722074,-0.31340796273500426,-0.5407249944049548,0.40667409032700114,-0.2703570608095629,-0.9530116883199847,-0.5460587369032711,0.6455283291707805
-0.6714717205068775,0.885253249364007,mazda,diesel,std,four,sedan,rwd,front,1.0226972802518264,0.07725028731789485,0.0898122629737479,0.2769668729575225,0.2780741765453631,ohc,four,0.17073933299409666,idi,0.3462779705843671,1.2178404748580707,2.9925401891982943,-0.8059541062844207,-1.9466730522185731,0.8857402750268095,1.200761149679365,0.6536815522379634
-1.476452438073602,-1.044144858224214,mercedes-benz,diesel,turbo,four,sedan,rwd,front,1.87169680899828,1.369181080097097,2.0524609538468117,1.1384859394908609,1.847166109616947,ohc,five,1.3502968295042073,idi,0.8954294711242948,1.2178404748580707,2.86635214692675,0.482463352615215,-1.6323638038293837,-0.49332369748328614,-0.8371953846670438,1.5719383001794367
-1.476452438073602,-1.044144858224214,mercedes-benz,diesel,turbo,four,wagon,rwd,front,1.87169680899828,1.369181080097097,2.0524609538468117,2.041029723478168,2.299603660870716,ohc,five,1.3502968295042073,idi,0.8954294711242948,1.2178404748580707,2.86635214692675,0.482463352615215,-1.6323638038293837,-0.49332369748328614,-0.8371953846670438,1.915392821884516
-0.6714717205068775,-1.044144858224214,mercedes-benz,diesel,turbo,two,hardtop,rwd,front,1.3223441727505745,1.092919149565695,2.0524609538468117,0.4820904602273648,1.8086607861059878,ohc,five,1.3502968295042073,idi,0.8954294711242948,1.2178404748580707,2.86635214692675,0.482463352615215,-1.6323638038293837,-0.49332369748328614,-0.8371953846670438,1.9062204459339351
-1.476452438073602,-1.044144858224214,mercedes-benz,diesel,turbo,four,sedan,rwd,front,2.8039315856610525,2.319847135161037,2.706677184137835,1.0564365045829227,2.3381089843816754,ohc,five,1.3502968295042073,idi,0.8954294711242948,1.2178404748580707,2.86635214692675,0.482463352615215,-1.6323638038293837,-0.49332369748328614,-0.8371953846670438,2.34241788002822
-1.476452438073602,0.885253249364007,mercedes-benz,gas,std,four,sedan,rwd,front,2.8039315856610525,2.319847135161037,2.706677184137835,1.1384859394908609,2.2803509991152366,ohcv,eight,2.5779995299535057,mpfi,0.456108270692352,-0.5048140174341388,-0.4650121690420278,1.290882150356163,-0.7942058081248786,-1.4126996791566833,-1.8561736518402483,2.6716042613657294
1.7434704321932961,0.3461567193025923,mercedes-benz,gas,std,two,convertible,rwd,front,-0.3590078351590722,0.507893884910963,2.145920415316959,-1.1999229553853428,2.1744613594600994,ohcv,eight,2.5779995299535057,mpfi,0.456108270692352,-0.5048140174341388,-0.4650121690420278,1.290882150356163,-0.7942058081248786,-1.4126996791566833,-1.8561736518402483,2.782691925656096
-0.6714717205068775,0.885253249364007,mercedes-benz,gas,std,four,sedan,rwd,front,3.6862252135740365,2.766741434550069,2.706677184137835,1.220535374398799,2.58839358720291,ohcv,eight,4.359372075703469,mpfi,1.7008516719161884,0.29271121047892107,-0.5407249944049548,2.023511685808897,-1.3180545554401943,-1.7191583397144823,-2.1473102996040208,3.534826753603718
0.13350899705984703,0.885253249364007,mercedes-benz,gas,std,two,hardtop,rwd,front,2.2046378006635563,2.0435852046296348,2.8468663763430526,0.6872140474972072,2.2322193447265377,ohcv,eight,4.263081667825093,mpfi,1.7008516719161884,0.29271121047892107,-0.5407249944049548,2.023511685808897,-1.3180545554401943,-1.7191583397144823,-2.1473102996040208,4.100456603889531
0.13350899705984703,0.885253249364007,mercury,gas,turbo,two,hatchback,rwd,front,0.6564621894200219,0.35351221784929693,0.977677146940136,0.4410657427733958,0.6823800734104337,ohc,four,0.3151749448116612,mpfi,1.6276314718441978,-0.44101199920109396,-0.5407249944049548,1.7961438989442553,-0.2703570608095629,-0.9530116883199847,-0.9827637085489301,0.4191489949460305
0.9384897146265716,0.885253249364007,mitsubishi,gas,std,two,hatchback,fwd,front,-0.8417722730737214,-1.360936821624989,-0.7045931595224864,-1.1999229553853428,-1.2274839727331381,ohc,four,-0.8403099497288552,2bbl,-1.337786631071412,-0.09010089891934799,-0.18739847604462975,-0.9070064560020392,0.7773404338210685,1.8051162567002066,1.4918977974431378,-0.9967091483144487
0.9384897146265716,0.885253249364007,mitsubishi,gas,std,two,hatchback,fwd,front,-0.8417722730737214,-1.360936821624989,-0.7045931595224864,-1.1999229553853428,-1.1774270521688912,ohc,four,-0.8403099497288552,2bbl,-1.337786631071412,-0.09010089891934799,-0.18739847604462975,-0.9070064560020392,0.7773404338210685,0.8857402750268095,1.0551928257974788,-0.8947938599746625
0.9384897146265716,0.885253249364007,mitsubishi,gas,std,two,hatchback,fwd,front,-0.8417722730737214,-1.360936821624989,-0.7045931595224864,-1.1999229553853428,-1.061911081636014,ohc,four,-0.8403099497288552,2bbl,-1.337786631071412,-0.09010089891934799,-0.18739847604462975,-0.9070064560020392,0.7773404338210685,0.8857402750268095,1.0551928257974788,-0.8336446869707907
0.13350899705984703,0.885253249364007,mitsubishi,gas,turbo,two,hatchback,fwd,front,-0.9583016201565685,-1.360936821624989,-0.9849715439329279,-1.1999229553853428,-0.7904485508837522,ohc,four,-0.6958743379112906,spdi,-1.1181260308554422,0.42031524694501077,-0.6416754282221906,-0.04806148340228205,0.7773404338210685,-0.18686503692548712,-0.10935376525761202,-0.7037026943375635
1.7434704321932961,0.6582652367065692,mitsubishi,gas,turbo,two,hatchback,fwd,front,-0.40894898390886314,-0.08525673064175315,-0.2372958521717572,-1.7742689997409007,-0.3572636613854622,ohc,four,-0.40700311427616154,spdi,-0.605584630351509,0.643622310760667,-0.6669130366764994,0.30562174060938263,0.7773404338210685,-0.3400943672043866,-0.10935376525761202,-0.41451806367342026
1.7434704321932961,0.6582652367065692,mitsubishi,gas,std,two,hatchback,fwd,front,-0.40894898390886314,-0.08525673064175315,-0.2372958521717572,-1.7742689997409007,-0.43812484075847635,ohc,four,-0.11813189064103245,2bbl,0.05339717029640524,0.643622310760667,-0.41453695213341013,-0.40174470741394674,-0.2703570608095629,-0.03363570664658759,0.18178288250616068,-0.60051346489353
1.7434704321932961,0.885253249364007,mitsubishi,gas,turbo,two,hatchback,fwd,front,-0.475537182241917,-0.06900602884578928,0.18327172444389506,-1.4460712601091512,0.5341345778932411,ohc,four,0.7003365763251667,spdi,0.8954294711242948,1.9196626754215627,-0.7931010789480439,1.0382512760621168,-0.2703570608095629,-0.9530116883199847,-0.9827637085489301,-0.07437578883938396
1.7434704321932961,0.885253249364007,mitsubishi,gas,turbo,two,hatchback,fwd,front,-0.475537182241917,-0.06900602884578928,0.18327172444389506,-1.4460712601091512,0.7035580013414613,ohc,four,0.7003365763251667,spdi,0.9320395711602892,1.9196626754215627,-0.7931010789480439,1.0382512760621168,-0.2703570608095629,-0.9530116883199847,-0.9827637085489301,0.21098701851201726
1.7434704321932961,0.885253249364007,mitsubishi,gas,turbo,two,hatchback,fwd,front,-0.475537182241917,-0.06900602884578928,0.18327172444389506,-1.4460712601091512,0.7131843322192011,ohc,four,0.7003365763251667,spdi,0.9320395711602892,1.9196626754215627,-0.7931010789480439,1.0382512760621168,-0.2703570608095629,-0.9530116883199847,-0.9827637085489301,0.16257725655061886
0.13350899705984703,-0.13619280759446298,mitsubishi,gas,std,four,sedan,fwd,front,-0.40894898390886314,-0.13400883602964708,-0.2372958521717572,-0.8717252157535934,-0.36688999226320196,ohc,four,-0.11813189064103245,2bbl,0.05339717029640524,0.643622310760667,-0.41453695213341013,-0.40174470741394674,-0.2703570608095629,-0.03363570664658759,0.18178288250616068,-0.7928785716348763
0.13350899705984703,-0.13619280759446298,mitsubishi,gas,std,four,sedan,fwd,front,-0.40894898390886314,-0.13400883602964708,-0.2372958521717572,-0.8717252157535934,-0.2898793452412838,ohc,four,-0.11813189064103245,2bbl,0.05339717029640524,0.643622310760667,-0.41453695213341013,-0.40174470741394674,-0.2703570608095629,-0.03363570664658759,0.18178288250616068,-0.6400056391251971
0.13350899705984703,-0.13619280759446298,mitsubishi,gas,turbo,four,sedan,fwd,front,-0.40894898390886314,-0.13400883602964708,-0.2372958521717572,-0.8717252157535934,-0.2937298775923797,ohc,four,-0.40700311427616154,spdi,-0.605584630351509,0.643622310760667,-0.6669130366764994,0.30562174060938263,0.7773404338210685,-0.3400943672043866,-0.10935376525761202,-0.5011460587622385
-1.476452438073602,0.20428921139169368,mitsubishi,gas,std,four,sedan,fwd,front,-0.40894898390886314,-0.13400883602964708,-0.2372958521717572,-0.8717252157535934,-0.2937298775923797,ohc,four,-0.40700311427616154,spdi,-0.605584630351509,0.643622310760667,-0.6669130366764994,0.30562174060938263,0.7773404338210685,-0.3400943672043866,-0.10935376525761202,-0.5011460587622385
0.13350899705984703,-0.05107230284792382,nissan,gas,std,two,sedan,fwd,front,-0.7085958764076113,-0.7109087497863971,-0.9849715439329279,0.3179915904114915,-1.2833166918240289,ohc,four,-0.7199469398808848,2bbl,-0.6788048304234994,0.10130515577978655,-0.18739847604462975,-0.8817433685726346,0.14872193704268968,0.8857402750268095,0.9096245019155924,-0.9826957961677281
0.13350899705984703,-0.05107230284792382,nissan,diesel,std,two,sedan,fwd,front,-0.7085958764076113,-0.7109087497863971,-0.9849715439329279,0.3179915904114915,-1.0368826213538904,ohc,four,-0.5755113280633202,idi,-1.2645664309994216,0.6755233198771902,2.967302580743985,-1.2354265925842993,-0.6894360586618155,3.030950898931403,2.802012712380115,-0.7788652194881558
0.13350899705984703,-0.05107230284792382,nissan,gas,std,two,sedan,fwd,front,-0.7085958764076113,-0.7109087497863971,-0.9849715439329279,0.3179915904114915,-1.2274839727331381,ohc,four,-0.7199469398808848,2bbl,-0.6788048304234994,0.10130515577978655,-0.18739847604462975,-0.8817433685726346,0.14872193704268968,0.8857402750268095,0.9096245019155924,-0.8361925691792854
0.13350899705984703,-0.22131331234100216,nissan,gas,std,four,sedan,fwd,front,-0.7085958764076113,-0.7109087497863971,-0.9849715439329279,0.3179915904114915,-1.188978649222179,ohc,four,-0.7199469398808848,2bbl,-0.6788048304234994,0.10130515577978655,-0.18739847604462975,-0.8817433685726346,0.14872193704268968,0.8857402750268095,0.9096245019155924,-0.810713747094339
0.13350899705984703,-0.7604098424024168,nissan,gas,std,four,wagon,fwd,front,-0.7085958764076113,-0.3127665557852613,-0.9849715439329279,-0.09225558412819312,-1.0234057581250549,ohc,four,-0.7199469398808848,2bbl,-0.6788048304234994,0.10130515577978655,-0.18739847604462975,-0.8817433685726346,0.14872193704268968,0.8857402750268095,0.9096245019155924,-0.7470166918819726
0.13350899705984703,-0.05107230284792382,nissan,gas,std,two,sedan,fwd,front,-0.7085958764076113,-0.7109087497863971,-0.9849715439329279,0.3179915904114915,-1.1639501889400556,ohc,four,-0.7199469398808848,2bbl,-0.6788048304234994,0.10130515577978655,-0.18739847604462975,-0.8817433685726346,0.14872193704268968,0.8857402750268095,0.9096245019155924,-0.7533863974032092
0.13350899705984703,-0.05107230284792382,nissan,gas,std,two,hatchback,fwd,front,-0.7085958764076113,-0.6865326970924512,-0.9849715439329279,-0.17430501903613121,-1.015704693422863,ohc,four,-0.7199469398808848,2bbl,-0.6788048304234994,0.10130515577978655,-0.18739847604462975,-0.8817433685726346,0.14872193704268968,0.8857402750268095,0.9096245019155924,-0.6896893421908429
0.13350899705984703,-0.22131331234100216,nissan,gas,std,four,sedan,fwd,front,-0.7085958764076113,-0.7109087497863971,-0.9849715439329279,0.3179915904114915,-1.1254448654290965,ohc,four,-0.7199469398808848,2bbl,-0.6788048304234994,0.10130515577978655,-0.18739847604462975,-0.8817433685726346,0.14872193704268968,0.8857402750268095,0.9096245019155924,-0.7279075753182627
0.13350899705984703,-0.7604098424024168,nissan,gas,std,four,wagon,fwd,front,-0.7085958764076113,-0.3127665557852613,-0.9849715439329279,-0.09225558412819312,-0.9983772978429314,ohc,four,-0.7199469398808848,2bbl,-0.6788048304234994,0.10130515577978655,-0.18739847604462975,-0.8817433685726346,0.14872193704268968,0.8857402750268095,0.9096245019155924,-0.6642105201058963
0.9384897146265716,1.083867760439265,nissan,gas,std,two,hardtop,fwd,front,-0.6087135789080294,-0.9465439258278872,-0.9849715439329279,-0.17430501903613121,-1.054210016933822,ohc,four,-0.7199469398808848,2bbl,-0.6788048304234994,0.10130515577978655,-0.18739847604462975,-0.8817433685726346,0.14872193704268968,0.8857402750268095,0.9096245019155924,-0.6323619924997131
-0.6714717205068775,-0.6752893376558776,nissan,gas,std,four,hatchback,fwd,front,-0.25912553765948787,-0.052755327049823095,-0.33075531364190436,0.40004102531942964,-0.44582590546066814,ohc,four,-0.16627709458022064,2bbl,-0.019823029775585223,0.6755233198771902,-0.41453695213341013,-0.17437692054930515,0.14872193704268968,0.2728229539112114,0.4729195302699334,-0.5431861152024002
-0.6714717205068775,-0.6752893376558776,nissan,gas,std,four,sedan,fwd,front,-0.25912553765948787,-0.052755327049823095,-0.33075531364190436,0.40004102531942964,-0.4881817613227232,ohc,four,-0.16627709458022064,2bbl,-0.019823029775585223,0.6755233198771902,-0.41453695213341013,-0.17437692054930515,0.14872193704268968,0.2728229539112114,0.4729195302699334,-0.46674964894756066
-0.6714717205068775,-0.05107230284792382,nissan,gas,std,four,sedan,fwd,front,0.27358004900495464,0.6216487974827147,0.2767311859140422,0.5641398951353029,1.0385543158868056,ohcv,six,1.302151625565019,mpfi,0.3462779705843671,0.037503137546741706,-0.2883489098618655,1.215092888067949,0.14872193704268968,-1.2594703488777836,-1.273900356312703,0.03645708723013348
-0.6714717205068775,-0.6185423344915182,nissan,gas,std,four,wagon,fwd,front,0.27358004900495464,0.8572839735242048,0.2767311859140422,0.9743870696749876,1.4255328171719446,ohcv,six,1.302151625565019,mpfi,0.3462779705843671,0.037503137546741706,-0.2883489098618655,1.215092888067949,0.14872193704268968,-1.2594703488777836,-1.273900356312703,0.1511117866123929
-0.6714717205068775,-0.6185423344915182,nissan,gas,std,four,sedan,fwd,front,0.27358004900495464,0.8572839735242048,0.2767311859140422,0.5641398951353029,0.9711699997426271,ohcv,six,1.302151625565019,mpfi,0.3462779705843671,0.037503137546741706,-0.2883489098618655,1.215092888067949,0.14872193704268968,-0.9530116883199847,-0.8371953846670438,0.03645708723013348
1.7434704321932961,1.8215788015759378,nissan,gas,std,two,hatchback,rwd,front,-1.2413014630720538,-0.27213980129534926,0.9309474162050657,-1.6511948473789937,0.9923479276736545,ohcv,six,1.302151625565019,mpfi,0.3462779705843671,0.037503137546741706,-0.2883489098618655,1.417197587503186,0.14872193704268968,-0.9530116883199847,-0.8371953846670438,0.5078152958016444
1.7434704321932961,1.8215788015759378,nissan,gas,turbo,two,hatchback,rwd,front,-1.2413014630720538,-0.27213980129534926,0.9309474162050657,-1.6511948473789937,1.1232660276109157,ohcv,six,1.302151625565019,mpfi,0.3462779705843671,0.037503137546741706,-0.5912002113135727,2.4277210846793706,0.14872193704268968,-1.2594703488777836,-1.1283320324308166,0.8263005718634762
0.13350899705984703,2.8713983601165873,nissan,gas,std,two,hatchback,rwd,front,0.07381545400578841,0.36163756874727887,0.9309474162050657,-1.6511948473789937,1.1232660276109157,ohcv,six,1.302151625565019,mpfi,0.3462779705843671,0.037503137546741706,-0.2883489098618655,1.417197587503186,0.14872193704268968,-0.9530116883199847,-0.8371953846670438,0.6606882283113237
-0.6714717205068775,0.885253249364007,peugot,gas,std,four,sedan,rwd,front,1.5221087677497407,1.0279163423818347,1.1645960698804303,1.220535374398799,0.8941593527207089,l,four,-0.16627709458022064,mpfi,0.456108270692352,-0.2177049353854377,-0.43977456058771897,-0.17437692054930515,-0.2703570608095629,-0.9530116883199847,-0.9827637085489301,-0.16724609533901408
-0.6714717205068775,0.885253249364007,peugot,diesel,turbo,four,sedan,rwd,front,1.5221087677497407,1.0279163423818347,1.1645960698804303,1.220535374398799,1.234931465792697,l,four,0.6040461684467903,idi,1.3347506715562376,0.8350283654598016,2.740164104655205,-0.2249030954081144,-2.0514428016816364,0.42605228419011093,0.32735120638804704,-0.0016337517868615923
-0.6714717205068775,0.885253249364007,peugot,gas,std,four,wagon,rwd,front,2.5708728914953607,2.019209151935689,1.1645960698804303,2.041029723478168,1.2984652495857796,l,four,-0.16627709458022064,mpfi,0.456108270692352,-0.2177049353854377,-0.43977456058771897,-0.17437692054930515,-0.2703570608095629,-0.9530116883199847,-0.9827637085489301,-0.09845327570965844
-0.6714717205068775,0.885253249364007,peugot,diesel,turbo,four,wagon,rwd,front,2.5708728914953607,2.019209151935689,1.1645960698804303,2.041029723478168,1.6835184846953706,l,four,0.6040461684467903,idi,1.3347506715562376,0.8350283654598016,2.740164104655205,-0.2249030954081144,-2.0514428016816364,-0.03363570664658759,-0.8371953846670438,0.08244636109346198
-0.6714717205068775,0.885253249364007,peugot,gas,std,four,sedan,rwd,front,1.5221087677497407,1.0279163423818347,1.1645960698804303,1.220535374398799,1.0000489923758464,l,four,-0.16627709458022064,mpfi,0.456108270692352,-3.407805847037677,-0.43977456058771897,-0.2249030954081144,-0.2703570608095629,-0.9530116883199847,-0.9827637085489301,0.3015642310240022
-0.6714717205068775,0.885253249364007,peugot,diesel,turbo,four,sedan,rwd,front,1.5221087677497407,1.0279163423818347,1.1645960698804303,1.220535374398799,1.3408211054478345,l,four,0.6040461684467903,idi,1.3347506715562376,0.8350283654598016,2.740164104655205,-0.2249030954081144,-2.0514428016816364,0.42605228419011093,0.32735120638804704,0.46972445678464936
-0.6714717205068775,0.885253249364007,peugot,gas,std,four,wagon,rwd,front,2.5708728914953607,2.019209151935689,1.1645960698804303,1.220535374398799,1.404354889240917,l,four,-0.16627709458022064,mpfi,0.456108270692352,-3.407805847037677,-0.43977456058771897,-0.2249030954081144,-0.2703570608095629,-0.9530116883199847,-0.9827637085489301,0.44360866414757916
-0.6714717205068775,0.885253249364007,peugot,diesel,turbo,four,wagon,rwd,front,2.5708728914953607,2.019209151935689,1.1645960698804303,2.041029723478168,1.7894081243505082,l,four,0.6040461684467903,idi,1.3347506715562376,0.8350283654598016,2.740164104655205,-0.2249030954081144,-2.0514428016816364,-0.03363570664658759,-0.8371953846670438,0.4920184261089776
-0.6714717205068775,0.885253249364007,peugot,gas,std,four,sedan,rwd,front,1.5221087677497407,1.0279163423818347,1.1645960698804303,1.220535374398799,1.0000489923758464,l,four,-0.16627709458022064,mpfi,0.456108270692352,-0.2177049353854377,-0.43977456058771897,-0.17437692054930515,-0.2703570608095629,-0.9530116883199847,-0.9827637085489301,0.4353280469699715
-0.6714717205068775,0.885253249364007,peugot,diesel,turbo,four,sedan,rwd,front,1.5221087677497407,1.0279163423818347,1.1645960698804303,1.220535374398799,1.3408211054478345,l,four,0.6040461684467903,idi,1.3347506715562376,0.8350283654598016,2.740164104655205,-0.2249030954081144,-2.0514428016816364,0.42605228419011093,0.32735120638804704,0.6034882727306187
-0.6714717205068775,0.885253249364007,peugot,gas,turbo,four,sedan,rwd,front,1.5387558173330036,1.0279163423818347,1.1178663391453534,0.9333623522210185,1.1059386320309839,l,four,0.17073933299409666,mpfi,1.0052597712322797,-0.15390291715239285,-0.7931010789480439,0.9624620137739028,0.9868799327471949,-1.1062410185988842,-0.9827637085489301,0.6289670948155652
0.13350899705984703,-0.3064338170875413,plymouth,gas,std,two,hatchback,fwd,front,-0.8417722730737214,-1.360936821624989,-0.9849715439329279,-1.1999229553853428,-1.2274839727331381,ohc,four,-0.8884551536680434,2bbl,-1.337786631071412,-0.09010089891934799,-0.18739847604462975,-0.9070064560020392,0.7773404338210685,1.8051162567002066,1.4918977974431378,-0.9733960261067226
0.13350899705984703,-0.3064338170875413,plymouth,gas,turbo,two,hatchback,fwd,front,-0.8417722730737214,-1.360936821624989,-0.9849715439329279,-1.1999229553853428,-0.8231780758680675,ohc,four,-0.6958743379112906,spdi,-1.1181260308554422,0.42031524694501077,-0.6416754282221906,-0.04806148340228205,0.7773404338210685,-0.18686503692548712,-0.10935376525761202,-0.6695610727437351
0.13350899705984703,0.6866387382887489,plymouth,gas,std,four,hatchback,fwd,front,-0.8417722730737214,-1.360936821624989,-0.9849715439329279,-1.281972390293278,-1.1331459301312883,ohc,four,-0.8884551536680434,2bbl,-1.337786631071412,-0.09010089891934799,-0.18739847604462975,-0.9070064560020392,0.7773404338210685,0.8857402750268095,1.0551928257974788,-0.8896980955576732
0.13350899705984703,0.6866387382887489,plymouth,gas,std,four,sedan,fwd,front,-0.8417722730737214,-0.548401731826749,-0.9849715439329279,-1.1999229553853428,-1.0907900742692331,ohc,four,-0.8884551536680434,2bbl,-1.337786631071412,-0.09010089891934799,-0.18739847604462975,-0.9070064560020392,0.7773404338210685,0.8857402750268095,1.0551928257974788,-0.8307146224310219
0.13350899705984703,0.6866387382887489,plymouth,gas,std,four,sedan,fwd,front,-0.8417722730737214,-0.548401731826749,-0.9849715439329279,-1.1999229553853428,-0.7018863068085462,ohc,four,-0.6958743379112906,2bbl,-1.337786631071412,-0.09010089891934799,-0.18739847604462975,-0.9070064560020392,0.7773404338210685,0.8857402750268095,1.0551928257974788,-0.713894223171542
-1.476452438073602,-1.5832413882856287,plymouth,gas,std,four,wagon,fwd,front,0.7563444869196039,0.04474888372596479,-0.6111336980523459,2.492301615471819,-0.039594742420049546,ohc,four,-0.11813189064103245,2bbl,0.05339717029640524,0.643622310760667,-0.41453695213341013,-0.40174470741394674,-0.2703570608095629,-0.18686503692548712,-0.10935376525761202,-0.5467531502942928
1.7434704321932961,0.885253249364007,plymouth,gas,turbo,two,hatchback,rwd,front,-0.475537182241917,-0.06900602884578928,0.18327172444389506,-1.4460712601091512,0.5052555852600219,ohc,four,0.7003365763251667,spdi,0.9320395711602892,1.9196626754215627,-0.7931010789480439,1.0382512760621168,-0.2703570608095629,-0.9530116883199847,-0.9827637085489301,-0.05717758393204504
1.7434704321932961,1.5945907889185,porsche,gas,std,two,hatchback,rwd,front,-0.7085958764076113,-0.4183961174590311,1.1178663391453534,-1.4460712601091512,0.4282449382381036,ohc,four,0.5799735664771962,mpfi,2.2133930724201214,-0.47291300831761707,-0.16216086759032092,0.9877251012033075,0.7773404338210685,-0.9530116883199847,-0.5460587369032711,1.1217275139384313
1.7434704321932961,0.885253249364007,porsche,gas,std,two,hardtop,rwd,rear,-1.5409483555708021,-0.4183961174590311,-0.4242147751120515,-0.8717252157535934,0.38588908237604863,ohcf,six,1.6150954511697422,mpfi,1.4811910717002186,-1.1428341997645872,-0.16216086759032092,2.6045626966852033,1.6154984295255737,-1.2594703488777836,-0.8371953846670438,2.4606396145023717
1.7434704321932961,0.885253249364007,porsche,gas,std,two,hardtop,rwd,rear,-1.5409483555708021,-0.4183961174590311,-0.4242147751120515,-0.8717252157535934,0.38588908237604863,ohcf,six,1.6150954511697422,mpfi,1.4811910717002186,-1.1428341997645872,-0.16216086759032092,2.6045626966852033,1.6154984295255737,-1.2594703488777836,-0.8371953846670438,2.651730780139471
1.7434704321932961,0.885253249364007,porsche,gas,std,two,convertible,rwd,rear,-1.5409483555708021,-0.4183961174590311,-0.4242147751120515,-0.8717252157535934,0.47060079410015865,ohcf,six,1.6150954511697422,mpfi,1.4811910717002186,-1.1428341997645872,-0.16216086759032092,2.6045626966852033,1.6154984295255737,-1.2594703488777836,-0.8371953846670438,3.033913111413669
0.13350899705984703,0.885253249364007,porsche,gas,std,two,hatchback,rwd,front,-0.05936094266032163,0.13412774360377072,2.98705556854827,-1.322997107747247,1.5603014494603014,dohcv,eight,1.831748868896089,mpfi,2.2133930724201214,-0.47291300831761707,-0.035972825318776304,4.650872778466978,1.3011891811363843,-1.2594703488777836,-0.4004904130213847,0.03645708723013348
-0.6714717205068775,0.885253249364007,renault,gas,std,four,wagon,fwd,front,-0.44224308307539123,0.6053980956867508,0.2767311859140422,0.6051646125892719,0.0451169693040605,ohc,four,0.12259412905490848,mpfi,0.456108270692352,2.0472667118876524,-0.36406173522479246,-0.9070064560020392,0.7773404338210685,-0.3400943672043866,0.03621455862427433,-0.49910775299544274
0.9384897146265716,0.885253249364007,renault,gas,std,two,hatchback,fwd,front,-0.44224308307539123,0.22350660348157897,0.3234609166491125,-1.322997107747247,-0.18398970558614622,ohc,four,0.12259412905490848,mpfi,0.456108270692352,2.0472667118876524,-0.36406173522479246,-0.9070064560020392,0.7773404338210685,-0.3400943672043866,0.03621455862427433,-0.4226712867406031
1.7434704321932961,0.57314473196003,saab,gas,std,two,hatchback,fwd,front,0.057168404422523175,1.0197909914838528,0.2767311859140422,0.9743870696749876,0.19721299717234897,ohc,four,-0.14220449261062654,mpfi,0.7489890709803139,-0.6005170447837068,-0.21011232365350774,0.15404321603295493,0.2534916865057528,-0.6465530277621856,-0.4004904130213847,-0.17361580086025072
0.9384897146265716,-0.7320363408202372,saab,gas,std,four,sedan,fwd,front,0.057168404422523175,1.0197909914838528,0.2767311859140422,0.9743870696749876,0.2684478456676233,ohc,four,-0.14220449261062654,mpfi,0.7489890709803139,-0.6005170447837068,-0.2126360844989386,0.15404321603295493,0.2534916865057528,-0.6465530277621856,-0.4004904130213847,-0.13284968552433626
1.7434704321932961,0.57314473196003,saab,gas,std,two,hatchback,fwd,front,0.057168404422523175,1.0197909914838528,0.2767311859140422,0.9743870696749876,0.2915510397741988,ohc,four,-0.14220449261062654,mpfi,-2.9120209326192064,-3.790617956435946,-0.2126360844989386,0.15404321603295493,0.2534916865057528,-0.6465530277621856,-0.4004904130213847,0.23277141139464655
0.9384897146265716,-0.7320363408202372,saab,gas,std,four,sedan,fwd,front,0.057168404422523175,1.0197909914838528,0.2767311859140422,0.9743870696749876,0.3897396147271445,ohc,four,-0.14220449261062654,mpfi,0.7489890709803139,-0.6005170447837068,-0.2126360844989386,0.15404321603295493,0.2534916865057528,-0.6465530277621856,-0.4004904130213847,0.2926466432942709
1.7434704321932961,0.57314473196003,saab,gas,turbo,two,hatchback,fwd,front,0.057168404422523175,1.0197909914838528,0.2767311859140422,0.9743870696749876,0.48600292350454233,dohc,four,-0.14220449261062654,mpfi,0.7489890709803139,-0.6005170447837068,-0.2883489098618655,1.417197587503186,0.7773404338210685,-0.9530116883199847,-0.6916270607851575,0.6289670948155652
0.9384897146265716,-0.7320363408202372,saab,gas,turbo,four,sedan,fwd,front,0.057168404422523175,1.0197909914838528,0.2767311859140422,0.9743870696749876,0.5610883043509126,dohc,four,-0.14220449261062654,mpfi,0.7489890709803139,-0.6005170447837068,-0.2883489098618655,1.417197587503186,0.7773404338210685,-0.9530116883199847,-0.6916270607851575,0.6888423267151896
0.9384897146265716,-1.3278798740460112,subaru,gas,std,two,hatchback,fwd,front,-0.8417722730737214,-1.393438225216919,-1.1718904668732189,-0.010206149220255032,-0.9733488375608079,ohcf,four,-0.7199469398808848,2bbl,1.0418698712682757,-2.865488692056797,-0.2883489098618655,-0.8817433685726346,-0.4798965597356892,0.8857402750268095,0.7640561780337061,-1.0312329522395511
0.9384897146265716,-1.3278798740460112,subaru,gas,std,two,hatchback,fwd,front,-0.8417722730737214,-1.3121847162370952,-1.0784310054030717,-0.010206149220255032,-0.838580205272451,ohcf,four,-0.45514831821534973,2bbl,1.0418698712682757,-1.972260436794169,-0.36406173522479246,-0.780691018855016,-1.5275940543663207,0.11959362363231192,0.03621455862427433,-0.7847253485676935
0.9384897146265716,-1.3278798740460112,subaru,gas,std,two,hatchback,4wd,front,-0.9083604714067776,-1.360936821624989,-0.9849715439329279,0.8102881998591143,-0.6075482642066964,ohcf,four,-0.45514831821534973,2bbl,1.0418698712682757,-1.972260436794169,-0.36406173522479246,-0.780691018855016,-1.5275940543663207,0.11959362363231192,0.03621455862427433,-0.7146585878340904
-0.6714717205068775,-0.7887833439845966,subaru,gas,std,four,sedan,fwd,front,-0.25912553765948787,-0.16651023962157716,-0.2372958521717572,-0.5025027586678777,-0.7904485508837522,ohcf,four,-0.45514831821534973,2bbl,1.0418698712682757,-1.972260436794169,-0.16216086759032092,-0.5533232319903745,-0.6894360586618155,1.038969605305709,0.9096245019155924,-0.7754255785066879
-0.6714717205068775,-0.7887833439845966,subaru,gas,std,four,sedan,fwd,front,-0.25912553765948787,-0.16651023962157716,-0.2372958521717572,-0.5025027586678777,-0.7038115729840941,ohcf,four,-0.45514831821534973,2bbl,1.0418698712682757,-1.972260436794169,-0.16216086759032092,-0.5533232319903745,-1.5275940543663207,0.42605228419011093,0.32735120638804704,-0.6927468008410365
-0.6714717205068775,-0.7887833439845966,subaru,gas,std,four,sedan,fwd,front,-0.25912553765948787,-0.16651023962157716,-0.2372958521717572,-0.5025027586678777,-0.4150216466519009,ohcf,four,-0.45514831821534973,mpfi,1.0418698712682757,-1.972260436794169,-0.2883489098618655,-0.250166182837519,0.14872193704268968,0.11959362363231192,0.18178288250616068,-0.41439066956299553
-0.6714717205068775,-0.7887833439845966,subaru,gas,std,four,sedan,4wd,front,-0.29241963682601596,-0.16651023962157716,-0.2372958521717572,0.23594215550355344,-0.32838466875224287,ohcf,four,-0.45514831821534973,2bbl,1.0418698712682757,-1.972260436794169,-0.2883489098618655,-0.5533232319903745,-0.6894360586618155,-0.18686503692548712,-0.8371953846670438,-0.5070061878417762
-0.6714717205068775,-0.7887833439845966,subaru,gas,turbo,four,sedan,4wd,front,-0.29241963682601596,-0.16651023962157716,-0.2372958521717572,0.23594215550355344,-0.08772639680874843,ohcf,four,-0.45514831821534973,mpfi,1.0418698712682757,-1.972260436794169,-0.6164378197678815,0.17930630346235954,-0.6894360586618155,-0.18686503692548712,-0.2549220891394984,-0.24890572012126774
-0.6714717205068775,-1.157638864552933,subaru,gas,std,four,wagon,fwd,front,-0.29241963682601596,-0.04462997615184115,-0.2372958521717572,-0.29737917139803544,-0.5112849554292986,ohcf,four,-0.45514831821534973,2bbl,1.0418698712682757,-1.972260436794169,-0.2883489098618655,-0.5533232319903745,-0.6894360586618155,0.42605228419011093,0.18178288250616068,-0.7324937632935531
-0.6714717205068775,-1.157638864552933,subaru,gas,std,four,wagon,fwd,front,-0.29241963682601596,-0.04462997615184115,-0.2372958521717572,-0.29737917139803544,-0.19361603646388598,ohcf,four,-0.45514831821534973,mpfi,1.0418698712682757,-1.972260436794169,-0.2883489098618655,-0.250166182837519,0.14872193704268968,-0.03363570664658759,0.03621455862427433,-0.38407087128190914
-0.6714717205068775,-1.2711328708816518,subaru,gas,std,four,wagon,4wd,front,-0.30906668640927887,-0.03650462525385922,-0.2372958521717572,0.4820904602273648,-0.2610003526080644,ohcf,four,-0.45514831821534973,2bbl,1.0418698712682757,-1.972260436794169,-0.2883489098618655,-0.5533232319903745,-0.6894360586618155,-0.3400943672043866,-0.2549220891394984,-0.66242700255995
-0.6714717205068775,-1.2711328708816518,subaru,gas,turbo,four,wagon,4wd,front,-0.30906668640927887,-0.03650462525385922,-0.2372958521717572,0.4820904602273648,0.18181086776796535,ohcf,four,-0.45514831821534973,mpfi,1.0418698712682757,-1.972260436794169,-0.6164378197678815,0.17930630346235954,-0.6894360586618155,-0.3400943672043866,-1.1283320324308166,-0.19348928208650903
0.13350899705984703,-1.2143858677172923,toyota,gas,std,two,hatchback,fwd,front,-0.5088312814084451,-1.2471819090532372,-1.0784310054030717,0.3179915904114915,-1.0984911389714251,ohc,four,-0.8403099497288552,2bbl,-1.0449058307834518,-0.7281210812497965,-0.2883489098618655,-1.0585849805784668,-0.6894360586618155,1.4986575961424076,1.200761149679365,-1.0019323068418626
0.13350899705984703,-1.2143858677172923,toyota,gas,std,two,hatchback,fwd,front,-0.5088312814084451,-1.2471819090532372,-1.0784310054030717,0.3179915904114915,-0.9926014993162875,ohc,four,-0.8403099497288552,2bbl,-1.0449058307834518,-0.7281210812497965,-0.2883489098618655,-1.0585849805784668,-0.6894360586618155,0.8857402750268095,1.0551928257974788,-0.8758121375213773
0.13350899705984703,-1.5832413882856287,toyota,gas,std,four,hatchback,fwd,front,-0.5088312814084451,-1.2471819090532372,-1.0784310054030717,0.3179915904114915,-1.0407331537049864,ohc,four,-0.8403099497288552,2bbl,-1.0449058307834518,-0.7281210812497965,-0.2883489098618655,-1.0585849805784668,-0.6894360586618155,0.8857402750268095,1.0551928257974788,-0.8567030209576674
-0.6714717205068775,-1.4981208835390896,toyota,gas,std,four,wagon,fwd,front,-0.5088312814084451,-0.3533933102751733,-1.0784310054030717,2.2051285932940417,-0.5305376171847782,ohc,four,-0.8403099497288552,2bbl,-1.0449058307834518,-0.7281210812497965,-0.2883489098618655,-1.0585849805784668,-0.6894360586618155,0.8857402750268095,0.9096245019155924,-0.8019235534750324
-0.6714717205068775,-1.3846268772103707,toyota,gas,std,four,wagon,4wd,front,-0.5088312814084451,-0.3533933102751733,-1.0784310054030717,2.2051285932940417,-0.5112849554292986,ohc,four,-0.8403099497288552,2bbl,-1.0449058307834518,-0.7281210812497965,-0.2883489098618655,-1.0585849805784668,-0.6894360586618155,0.2728229539112114,0.18178288250616068,-0.6770773252587943
-0.6714717205068775,-1.1008918613885734,toyota,gas,std,four,wagon,4wd,front,-0.5088312814084451,-0.3533933102751733,-1.0784310054030717,2.2051285932940417,1.067433308520025,ohc,four,-0.8403099497288552,2bbl,-1.0449058307834518,-0.7281210812497965,-0.2883489098618655,-1.0585849805784668,-0.6894360586618155,0.2728229539112114,0.18178288250616068,-0.5649705080850296
-0.6714717205068775,-1.1008918613885734,toyota,gas,std,four,sedan,fwd,front,-0.5088312814084451,-0.6296552408065731,-0.7045931595224864,-0.29737917139803544,-0.9136655861188213,ohc,four,-0.6958743379112906,2bbl,-0.5323644302795185,-0.7281210812497965,-0.2883489098618655,-0.8564802811432299,-0.6894360586618155,0.73251094474791,0.9096245019155924,-0.7993756712665377
-0.6714717205068775,-1.1008918613885734,toyota,gas,std,four,hatchback,fwd,front,-0.5088312814084451,-0.6296552408065731,-0.7045931595224864,-0.3794286063059735,-0.8597581332034786,ohc,four,-0.6958743379112906,2bbl,-0.5323644302795185,-0.7281210812497965,-0.2883489098618655,-0.8564802811432299,-0.6894360586618155,0.73251094474791,0.9096245019155924,-0.7662532025561072
-0.6714717205068775,-1.1008918613885734,toyota,diesel,std,four,sedan,fwd,front,-0.5088312814084451,-0.6296552408065731,-0.7045931595224864,-0.29737917139803544,-0.540163948062518,ohc,four,-0.40700311427616154,idi,-0.23948362999155662,0.29271121047892107,3.1187282314698392,-1.2101635051548947,-1.3180545554401943,1.345428265863508,0.7640561780337061,-0.6770773252587943
-0.6714717205068775,-1.1008918613885734,toyota,diesel,std,four,hatchback,fwd,front,-0.5088312814084451,-0.6296552408065731,-0.7045931595224864,-0.3794286063059735,-0.540163948062518,ohc,four,-0.40700311427616154,idi,-0.23948362999155662,0.29271121047892107,3.1187282314698392,-1.2101635051548947,-1.3180545554401943,1.958345586979106,2.365307740734456,-0.6910906774055149
-0.6714717205068775,-1.1008918613885734,toyota,gas,std,four,sedan,fwd,front,-0.5088312814084451,-0.6296552408065731,-0.7045931595224864,-0.29737917139803544,-0.888637125836698,ohc,four,-0.6958743379112906,2bbl,-0.5323644302795185,-0.7281210812497965,-0.2883489098618655,-0.8564802811432299,-0.6894360586618155,1.958345586979106,2.365307740734456,-0.6974603829267515
-0.6714717205068775,-1.1008918613885734,toyota,gas,std,four,hatchback,fwd,front,-0.5088312814084451,-0.6296552408065731,-0.7045931595224864,-0.3794286063059735,-0.8347296729213551,ohc,four,-0.6958743379112906,2bbl,-0.5323644302795185,-0.7281210812497965,-0.2883489098618655,-0.8564802811432299,-0.6894360586618155,0.42605228419011093,0.4729195302699334,-0.6184760344634173
-0.6714717205068775,-1.1008918613885734,toyota,gas,std,four,sedan,fwd,front,-0.5088312814084451,-0.6296552408065731,-0.7045931595224864,-0.3794286063059735,-0.800074881761492,ohc,four,-0.6958743379112906,2bbl,-0.5323644302795185,-0.7281210812497965,-0.2883489098618655,-0.8564802811432299,-0.6894360586618155,0.42605228419011093,0.4729195302699334,-0.5038213350811579
0.13350899705984703,1.083867760439265,toyota,gas,std,two,sedan,rwd,front,-0.7085958764076113,-0.4346468192549973,-0.8915120824627807,-0.46147804121390873,-0.7442421626706013,ohc,four,-0.6958743379112906,2bbl,-0.5323644302795185,-0.7281210812497965,-0.2883489098618655,-0.8564802811432299,-0.6894360586618155,0.5792816144690105,0.4729195302699334,-0.656694267590837
0.13350899705984703,1.083867760439265,toyota,gas,std,two,hatchback,rwd,front,-0.7085958764076113,-0.4346468192549973,-0.8915120824627807,-0.46147804121390873,-0.6768578465264228,ohc,four,-0.6958743379112906,2bbl,-0.5323644302795185,-0.7281210812497965,-0.2883489098618655,-0.8564802811432299,-0.6894360586618155,0.5792816144690105,0.4729195302699334,-0.6337633277143853
0.13350899705984703,1.083867760439265,toyota,gas,std,two,sedan,rwd,front,-0.7085958764076113,-0.4346468192549973,-0.8915120824627807,-0.46147804121390873,-0.5594166098179976,dohc,four,-0.6958743379112906,mpfi,-0.34931393009954154,-0.5686160356671837,-0.18739847604462975,0.20456939089176415,3.0822749220084575,0.11959362363231192,-0.2549220891394984,-0.49872557066416856
0.13350899705984703,1.083867760439265,toyota,gas,std,two,hatchback,rwd,front,-0.7085958764076113,-0.4346468192549973,-0.8915120824627807,-0.46147804121390873,-0.49203229367381907,dohc,four,-0.6958743379112906,mpfi,-0.34931393009954154,-0.5686160356671837,-0.18739847604462975,0.20456939089176415,3.0822749220084575,0.11959362363231192,-0.2549220891394984,-0.4681509841622327
0.9384897146265716,0.1191687066451545,toyota,gas,std,two,hardtop,rwd,front,-0.05936094266032163,0.17475449809368274,-0.1438363907016167,-0.7076263459377201,-0.029968411542309767,ohc,four,0.4596105566292258,mpfi,1.0418698712682757,0.7712263472267568,-0.2126360844989386,0.30562174060938263,-0.6894360586618155,-0.18686503692548712,-0.10935376525761202,-0.6068831704147666
0.9384897146265716,0.1191687066451545,toyota,gas,std,two,hardtop,rwd,front,-0.05936094266032163,0.17475449809368274,-0.1438363907016167,-0.7076263459377201,-0.037669476244501586,ohc,four,0.4596105566292258,mpfi,1.0418698712682757,0.7712263472267568,-0.2126360844989386,0.30562174060938263,-0.6894360586618155,-0.18686503692548712,-0.10935376525761202,-0.4552841790093347
0.9384897146265716,0.1191687066451545,toyota,gas,std,two,hatchback,rwd,front,-0.05936094266032163,0.17475449809368274,-0.1438363907016167,-0.7076263459377201,-0.008790483611282257,ohc,four,0.4596105566292258,mpfi,1.0418698712682757,0.7712263472267568,-0.2126360844989386,0.30562174060938263,-0.6894360586618155,-0.18686503692548712,-0.10935376525761202,-0.41069624036067826
0.9384897146265716,0.1191687066451545,toyota,gas,std,two,hardtop,rwd,front,-0.05936094266032163,0.17475449809368274,-0.1438363907016167,-0.7076263459377201,0.23764358685885603,ohc,four,0.4596105566292258,mpfi,1.0418698712682757,0.7712263472267568,-0.2126360844989386,0.30562174060938263,-0.6894360586618155,-0.18686503692548712,-0.10935376525761202,-0.2565493667467517
0.9384897146265716,0.1191687066451545,toyota,gas,std,two,hatchback,rwd,front,-0.05936094266032163,0.17475449809368274,-0.1438363907016167,-0.7076263459377201,0.3050279030030345,ohc,four,0.4596105566292258,mpfi,1.0418698712682757,0.7712263472267568,-0.2126360844989386,0.30562174060938263,-0.6894360586618155,-0.18686503692548712,-0.10935376525761202,-0.21196142809809526
0.9384897146265716,0.1191687066451545,toyota,gas,std,two,convertible,rwd,front,-0.05936094266032163,0.17475449809368274,-0.1438363907016167,-0.29737917139803544,0.8075223748210508,ohc,four,0.4596105566292258,mpfi,1.0418698712682757,0.7712263472267568,-0.2126360844989386,0.30562174060938263,-0.6894360586618155,-0.18686503692548712,-0.10935376525761202,0.5676905277012688
-1.476452438073602,-1.8386029025252462,toyota,gas,std,four,sedan,fwd,front,0.6065210406702309,0.12600239270578878,0.2767311859140422,0.4820904602273648,-0.44197537310957224,ohc,four,-0.11813189064103245,mpfi,-0.0930432298475757,0.8988303836928464,-0.36406173522479246,-0.30069235769632824,-1.9466730522185731,0.5792816144690105,0.4729195302699334,-0.543313509312825
-1.476452438073602,-1.8386029025252462,toyota,diesel,turbo,four,sedan,fwd,front,0.6065210406702309,0.12600239270578878,0.2767311859140422,0.4820904602273648,-0.1454843820751871,ohc,four,-0.40700311427616154,idi,-0.23948362999155662,0.29271121047892107,3.1187282314698392,-0.780691018855016,-1.3180545554401943,0.73251094474791,0.32735120638804704,-0.3203738160695428
-1.476452438073602,-1.8386029025252462,toyota,gas,std,four,hatchback,fwd,front,0.6065210406702309,0.12600239270578878,0.2767311859140422,0.07184328568768016,-0.27255194966135216,ohc,four,-0.11813189064103245,mpfi,-0.0930432298475757,0.8988303836928464,-0.36406173522479246,-0.30069235769632824,-1.9466730522185731,0.2728229539112114,0.18178288250616068,-0.410823634471103
-1.476452438073602,-1.8386029025252462,toyota,gas,std,four,sedan,fwd,front,0.6065210406702309,0.12600239270578878,0.2767311859140422,0.4820904602273648,-0.27255194966135216,ohc,four,-0.11813189064103245,mpfi,-0.0930432298475757,0.8988303836928464,-0.36406173522479246,-0.30069235769632824,-1.9466730522185731,0.2728229539112114,0.18178288250616068,-0.29489499398459623
-1.476452438073602,-1.8386029025252462,toyota,gas,std,four,hatchback,fwd,front,0.6065210406702309,0.12600239270578878,0.2767311859140422,0.07184328568768016,-0.1878402379372421,ohc,four,-0.11813189064103245,mpfi,-0.0930432298475757,0.8988303836928464,-0.36406173522479246,-0.30069235769632824,-1.9466730522185731,0.2728229539112114,0.18178288250616068,-0.25030705533593983
1.7434704321932961,1.9066993063224769,toyota,gas,std,two,hatchback,rwd,front,0.68975628858655,0.7679051136463989,0.8374879547349185,-0.7076263459377201,0.8094476409965988,dohc,six,1.061425605869078,mpfi,-0.23948362999155662,0.29271121047892107,-0.2126360844989386,1.4424606749325906,0.14872193704268968,-0.7997823580410852,-0.9827637085489301,0.4261556710193908
1.7434704321932961,1.9066993063224769,toyota,gas,std,two,hatchback,rwd,front,0.68975628858655,0.7679051136463989,0.8374879547349185,-0.7076263459377201,0.886458288018517,dohc,six,1.061425605869078,mpfi,-0.23948362999155662,0.29271121047892107,-0.2126360844989386,1.4424606749325906,0.14872193704268968,-0.9530116883199847,-0.9827637085489301,0.3548149691815405
-1.476452438073602,-1.1292653629707532,toyota,gas,std,four,sedan,rwd,front,0.9561090819187701,1.117295202259643,0.2767311859140422,0.15389272059561823,1.1078638982065319,dohc,six,1.061425605869078,mpfi,-0.23948362999155662,0.29271121047892107,-0.23787369295324787,1.3161452377855676,0.14872193704268968,-0.7997823580410852,-0.9827637085489301,0.3155775831707228
-1.476452438073602,0.885253249364007,toyota,gas,std,four,wagon,rwd,front,0.9561090819187701,1.117295202259643,0.2767311859140422,0.15389272059561823,1.146369221717491,dohc,six,0.8206995861731371,mpfi,-0.23948362999155662,0.29271121047892107,-0.23787369295324787,1.3161452377855676,0.14872193704268968,-0.9530116883199847,-0.9827637085489301,0.32322122979620677
0.9384897146265716,-0.22131331234100216,volkswagen,diesel,std,two,sedan,fwd,front,-0.24247848807622502,-0.19088629231552529,-0.19056612143668694,0.8102881998591143,-0.5671176745201894,ohc,four,-0.7199469398808848,idi,-1.1913462309274327,0.4522162560615325,3.2449162737413837,-1.311215854872513,-0.6894360586618155,1.8051162567002066,2.2197394168525695,-0.6927468008410365
0.9384897146265716,-0.22131331234100216,volkswagen,gas,std,two,sedan,fwd,front,-0.24247848807622502,-0.19088629231552529,-0.19056612143668694,0.8102881998591143,-0.667231515648683,ohc,four,-0.43107571624575564,mpfi,-0.5323644302795185,0.4522162560615325,-0.2883489098618655,-0.4775339697021606,0.2534916865057528,0.2728229539112114,0.4729195302699334,-0.6672679787560899
0.9384897146265716,-1.0157713566420343,volkswagen,diesel,std,four,sedan,fwd,front,-0.24247848807622502,-0.19088629231552529,-0.19056612143668694,0.8102881998591143,-0.5613418759935455,ohc,four,-0.7199469398808848,idi,-1.1913462309274327,0.4522162560615325,3.2449162737413837,-1.311215854872513,-0.6894360586618155,1.8051162567002066,2.2197394168525695,-0.6647200965475952
0.9384897146265716,-1.0157713566420343,volkswagen,gas,std,four,sedan,fwd,front,-0.24247848807622502,-0.19088629231552529,-0.19056612143668694,0.8102881998591143,-0.6614557171220392,ohc,four,-0.43107571624575564,mpfi,-0.5323644302795185,0.4522162560615325,-0.2883489098618655,-0.4775339697021606,0.2534916865057528,0.2728229539112114,0.4729195302699334,-0.6392412744626487
0.9384897146265716,-1.0157713566420343,volkswagen,gas,std,four,sedan,fwd,front,-0.24247848807622502,-0.19088629231552529,-0.19056612143668694,0.8102881998591143,-0.540163948062518,ohc,four,-0.43107571624575564,mpfi,-0.5323644302795185,0.4522162560615325,-0.2883489098618655,-0.4775339697021606,0.2534916865057528,0.2728229539112114,0.4729195302699334,-0.6010230413352289
0.9384897146265716,-1.0157713566420343,volkswagen,diesel,turbo,four,sedan,fwd,front,-0.24247848807622502,-0.19088629231552529,-0.19056612143668694,0.8102881998591143,-0.4554522363384079,ohc,four,-0.7199469398808848,idi,-1.1913462309274327,0.4522162560615325,3.2449162737413837,-0.9070064560020392,-1.3180545554401943,1.8051162567002066,1.6374661213250241,-0.47362893091049624
0.9384897146265716,-1.0157713566420343,volkswagen,gas,std,four,sedan,fwd,front,-0.24247848807622502,-0.19088629231552529,-0.19056612143668694,0.8102881998591143,-0.49203229367381907,ohc,four,-0.43107571624575564,mpfi,-0.5323644302795185,0.4522162560615325,-0.035972825318776304,-0.0985876582610913,0.7773404338210685,0.11959362363231192,0.18178288250616068,-0.4099318756981299
1.7434704321932961,0.885253249364007,volkswagen,gas,std,two,convertible,fwd,front,-0.7085958764076113,-1.1984298036653411,-0.7980526209926335,0.7692634824051452,-0.580594537749025,ohc,four,-0.43107571624575564,mpfi,-0.5323644302795185,0.4522162560615325,-0.41453695213341013,-0.3512185325551375,0.7773404338210685,-0.18686503692548712,-0.2549220891394984,-0.20610129901855756
1.7434704321932961,3.5807358996710805,volkswagen,gas,std,two,hatchback,fwd,front,-0.7085958764076113,-0.6784073461944693,-0.8915120824627807,-0.9537746506615314,-0.6441283215421075,ohc,four,-0.43107571624575564,mpfi,-0.5323644302795185,0.4522162560615325,-0.41453695213341013,-0.3512185325551375,0.7773404338210685,-0.18686503692548712,-0.2549220891394984,-0.41184278735450086
-0.6714717205068775,0.885253249364007,volkswagen,gas,std,four,sedan,fwd,front,0.27358004900495464,0.49976853401297877,0.46365010885433655,0.5641398951353029,0.20298879569899284,ohc,five,0.21888453693328483,mpfi,-0.5323644302795185,0.4522162560615325,-0.41453695213341013,0.15404321603295493,0.7773404338210685,-0.9530116883199847,-0.9827637085489301,0.010468688703488013
-0.6714717205068775,0.885253249364007,volkswagen,diesel,turbo,four,sedan,fwd,front,0.27358004900495464,0.49976853401297877,0.46365010885433655,0.5641398951353029,0.0451169693040605,ohc,four,-0.7199469398808848,idi,-1.1913462309274327,0.4522162560615325,3.2449162737413837,-0.9070064560020392,-1.3180545554401943,1.1921989355846085,1.0551928257974788,0.080535449437091
-0.6714717205068775,0.885253249364007,volkswagen,gas,std,four,wagon,fwd,front,0.27358004900495464,0.7354037100544688,0.46365010885433655,0.5641398951353029,0.014312710495293209,ohc,four,-0.43107571624575564,mpfi,-0.5323644302795185,0.4522162560615325,-0.2883489098618655,-0.40174470741394674,0.7773404338210685,-0.03363570664658759,0.03621455862427433,-0.11756239227336834
-2.2814331556403267,-0.7604098424024168,volvo,gas,std,four,sedan,rwd,front,0.9228149827522419,1.198548711239467,0.603839301059554,1.0154117871289565,0.6862306057615297,ohc,four,0.3392475467812553,mpfi,1.6276314718441978,-0.34530897185152737,-0.16216086759032092,0.2550955657505734,0.5678009348949422,-0.3400943672043866,-0.4004904130213847,-0.034756220497292094
-1.476452438073602,-1.5832413882856287,volvo,gas,std,four,wagon,rwd,front,0.9228149827522419,1.198548711239467,0.603839301059554,1.5487331140305454,0.9211130791783803,ohc,four,0.3392475467812553,mpfi,1.6276314718441978,-0.34530897185152737,-0.16216086759032092,0.2550955657505734,0.5678009348949422,-0.3400943672043866,-0.4004904130213847,0.025755981954455935
-2.2814331556403267,-0.7604098424024168,volvo,gas,std,four,sedan,rwd,front,0.9228149827522419,1.198548711239467,0.603839301059554,1.0154117871289565,0.7305117277991326,ohc,four,0.3392475467812553,mpfi,1.6276314718441978,-0.34530897185152737,-0.16216086759032092,0.2550955657505734,0.5678009348949422,-0.18686503692548712,-0.4004904130213847,0.35315884574601897
-1.476452438073602,-1.5832413882856287,volvo,gas,std,four,wagon,rwd,front,0.9228149827522419,1.198548711239467,0.603839301059554,1.5487331140305454,0.9365152085827639,ohc,four,0.3392475467812553,mpfi,1.6276314718441978,-0.34530897185152737,-0.16216086759032092,0.2550955657505734,0.5678009348949422,-0.18686503692548712,-0.4004904130213847,0.42067772427112726
-2.2814331556403267,-0.7604098424024168,volvo,gas,turbo,four,sedan,rwd,front,0.9228149827522419,1.198548711239467,0.603839301059554,1.0154117871289565,0.9422910071094077,ohc,four,0.0744489251157203,mpfi,1.0418698712682757,-0.34530897185152737,-0.6669130366764994,1.4677237623619952,-0.06081756188343661,-1.2594703488777836,-1.273900356312703,0.6633635046302431
-1.476452438073602,-1.5832413882856287,volvo,gas,turbo,four,wagon,rwd,front,0.9228149827522419,1.198548711239467,0.603839301059554,1.5487331140305454,1.1579208187707788,ohc,four,0.0744489251157203,mpfi,1.0418698712682757,-0.34530897185152737,-0.6669130366764994,1.4677237623619952,-0.06081756188343661,-1.2594703488777836,-1.273900356312703,0.7308823831553514
-1.476452438073602,-0.9873978550598546,volvo,gas,std,four,sedan,rwd,front,1.7218733627489047,1.198548711239467,1.3982447235557949,0.7282387649511761,0.7632412527834479,ohc,four,0.3392475467812553,mpfi,1.6276314718441978,-0.34530897185152737,-0.16216086759032092,0.2550955657505734,0.5678009348949422,-0.3400943672043866,-0.4004904130213847,0.46271778071128905
-1.476452438073602,-0.9873978550598546,volvo,gas,turbo,four,sedan,rwd,front,1.7218733627489047,1.198548711239467,1.351514992820718,0.7282387649511761,0.9499920718115996,ohc,four,0.3392475467812553,mpfi,1.6276314718441978,-0.34530897185152737,-0.36406173522479246,1.417197587503186,0.358261435968816,-0.9530116883199847,-0.8371953846670438,0.742984823645701
-1.476452438073602,-0.9873978550598546,volvo,gas,std,four,sedan,rwd,front,1.7218733627489047,1.198548711239467,1.3982447235557949,0.7282387649511761,0.8787572233163252,ohcv,six,1.1095708098082662,mpfi,0.8954294711242948,-1.238537227114154,-0.3388241267704832,0.7603573143386658,0.7773404338210685,-1.1062410185988842,-1.1283320324308166,1.0538264530820487
-1.476452438073602,-0.9873978550598546,volvo,diesel,turbo,four,sedan,rwd,front,1.7218733627489047,1.198548711239467,1.3982447235557949,0.7282387649511761,1.273436789303656,ohc,six,0.4355379546596317,idi,-1.1913462309274327,0.4522162560615325,3.2449162737413837,0.052990866315336435,-0.6894360586618155,0.11959362363231192,-0.5460587369032711,1.1793096518504105
-1.476452438073602,-0.9873978550598546,volvo,gas,turbo,four,sedan,rwd,front,1.7218733627489047,1.198548711239467,1.3982447235557949,0.7282387649511761,0.975020532093723,ohc,four,0.3392475467812553,mpfi,1.6276314718441978,-0.34530897185152737,-0.16216086759032092,0.2550955657505734,0.5678009348949422,-0.9530116883199847,-0.8371953846670438,1.199055738966244
